{
  "id": "arq-lumine",
  "name": "Lumine",
  "version": "v1.0.1",
  "palette": {
    "a": "#fff6bf",
    "b": "#ffd54d"
  },
  "bpm": 88,
  "emoji": "✨",
  "svg": "<g stroke='url(#grad)' stroke-width='3' fill='none'><circle cx='50' cy='50' r='16'/><g><line x1='50' y1='5' x2='50' y2='20'/><line x1='50' y1='80' x2='50' y2='95'/><line x1='5' y1='50' x2='20' y2='50'/><line x1='80' y1='50' x2='95' y2='50'/><line x1='17' y1='17' x2='28' y2='28'/><line x1='72' y1='72' x2='83' y2='83'/><line x1='17' y1='83' x2='28' y2='72'/><line x1='72' y1='28' x2='83' y2='17'/></g></g>",
  "audio": {
    "url": "",
    "loop": true,
    "vol": 0.92
  },
  "phrase": "Lumine revela a parte iluminada do teu caminho.",
  "ts": 0
}