{
  "id": "arq-genus",
  "name": "Genus",
  "version": "v1.0.1",
  "palette": {
    "a": "#ffd166",
    "b": "#ff7f11"
  },
  "bpm": 104,
  "emoji": "🧠",
  "svg": "<g stroke='url(#grad)' stroke-width='2' fill='none'><circle cx='50' cy='50' r='14'/><g><path d='M50 15 L50 5'/><path d='M85 50 L95 50'/><path d='M50 85 L50 95'/><path d='M15 50 L5 50'/><path d='M78 22 L85 15'/><path d='M78 78 L85 85'/><path d='M22 78 L15 85'/><path d='M22 22 L15 15'/></g></g>",
  "audio": {
    "url": "",
    "loop": true,
    "vol": 0.9
  },
  "phrase": "Genus orquestra lógica viva para ir além.",
  "ts": 0
}