{
  "pack": "Infodose Archetypes + Crown + Entities",
  "count": 26,
  "items": [
    {
      "id": "arq-atlas",
      "name": "Atlas",
      "version": "v1.0.1",
      "palette": {
        "a": "#7aa6ff",
        "b": "#1f2e78"
      },
      "bpm": 72,
      "emoji": "🗺️",
      "svg": "<g stroke='url(#grad)' stroke-width='3' fill='none'><polygon points='50,10 82,30 82,70 50,90 18,70 18,30'/></g>",
      "audio": {
        "url": "",
        "loop": true,
        "vol": 0.9
      },
      "phrase": "Atlas sustenta a visão e organiza o caminho.",
      "ts": 0
    },
    {
      "id": "arq-nova",
      "name": "Nova",
      "version": "v1.0.1",
      "palette": {
        "a": "#ff52e5",
        "b": "#00c5e5"
      },
      "bpm": 84,
      "emoji": "✨",
      "svg": "<path d='M50 10 L58 40 L90 50 L58 60 L50 90 L42 60 L10 50 L42 40 Z' fill='url(#grad)'/>",
      "audio": {
        "url": "",
        "loop": true,
        "vol": 0.9
      },
      "phrase": "Nova acende o foco suave que ilumina as ideias.",
      "ts": 0
    },
    {
      "id": "arq-vitalis",
      "name": "Vitalis",
      "version": "v1.0.1",
      "palette": {
        "a": "#39ffb6",
        "b": "#00a86b"
      },
      "bpm": 96,
      "emoji": "🌿",
      "svg": "<path d='M20 70 C40 20 60 20 80 70 C60 60 40 60 20 70 Z' fill='url(#grad)'/>",
      "audio": {
        "url": "",
        "loop": true,
        "vol": 0.9
      },
      "phrase": "Vitalis renova energia e respira presença.",
      "ts": 0
    },
    {
      "id": "arq-pulse",
      "name": "Pulse",
      "version": "v1.0.1",
      "palette": {
        "a": "#00e6ff",
        "b": "#39ffb6"
      },
      "bpm": 78,
      "emoji": "⭕",
      "svg": "<circle cx='50' cy='50' r='25' stroke='url(#grad)' stroke-width='6' fill='none'><animate attributeName='r' values='22;27;22' dur='1s' repeatCount='indefinite'/></circle>",
      "audio": {
        "url": "",
        "loop": true,
        "vol": 0.95
      },
      "phrase": "Pulse marca o tempo certo: intenção, ação, expansão.",
      "ts": 0
    },
    {
      "id": "arq-artemis",
      "name": "Artemis",
      "version": "v1.0.1",
      "palette": {
        "a": "#c7e0ff",
        "b": "#0044ff"
      },
      "bpm": 110,
      "emoji": "🏹",
      "svg": "<polygon points='50,12 88,88 12,88' stroke='url(#grad)' stroke-width='3' fill='none'/>",
      "audio": {
        "url": "",
        "loop": true,
        "vol": 0.9
      },
      "phrase": "Artemis foca o alvo com graça e precisão.",
      "ts": 0
    },
    {
      "id": "arq-serena",
      "name": "Serena",
      "version": "v1.0.1",
      "palette": {
        "a": "#9bd3ff",
        "b": "#5a7ca8"
      },
      "bpm": 62,
      "emoji": "🌊",
      "svg": "<path d='M5 60 Q25 40 45 60 T85 60' stroke='url(#grad)' stroke-width='4' fill='none'/>",
      "audio": {
        "url": "",
        "loop": true,
        "vol": 0.85
      },
      "phrase": "Serena acalma o mar interno e clareia a escuta.",
      "ts": 0
    },
    {
      "id": "arq-kaos",
      "name": "Kaos",
      "version": "v1.0.1",
      "palette": {
        "a": "#ff0066",
        "b": "#8a00ff"
      },
      "bpm": 140,
      "emoji": "🌀",
      "svg": "<path d='M50 50 m-20 0 a20 20 0 1 1 28 28 a12 12 0 1 1 -17 -17 a6 6 0 1 1 8 8' stroke='url(#grad)' stroke-width='3' fill='none'/>",
      "audio": {
        "url": "",
        "loop": true,
        "vol": 0.88
      },
      "phrase": "Kaos move a criatividade bruta para novas formas.",
      "ts": 0
    },
    {
      "id": "arq-genus",
      "name": "Genus",
      "version": "v1.0.1",
      "palette": {
        "a": "#ffd166",
        "b": "#ff7f11"
      },
      "bpm": 104,
      "emoji": "🧠",
      "svg": "<g stroke='url(#grad)' stroke-width='2' fill='none'><circle cx='50' cy='50' r='14'/><g><path d='M50 15 L50 5'/><path d='M85 50 L95 50'/><path d='M50 85 L50 95'/><path d='M15 50 L5 50'/><path d='M78 22 L85 15'/><path d='M78 78 L85 85'/><path d='M22 78 L15 85'/><path d='M22 22 L15 15'/></g></g>",
      "audio": {
        "url": "",
        "loop": true,
        "vol": 0.9
      },
      "phrase": "Genus orquestra lógica viva para ir além.",
      "ts": 0
    },
    {
      "id": "arq-lumine",
      "name": "Lumine",
      "version": "v1.0.1",
      "palette": {
        "a": "#fff6bf",
        "b": "#ffd54d"
      },
      "bpm": 88,
      "emoji": "✨",
      "svg": "<g stroke='url(#grad)' stroke-width='3' fill='none'><circle cx='50' cy='50' r='16'/><g><line x1='50' y1='5' x2='50' y2='20'/><line x1='50' y1='80' x2='50' y2='95'/><line x1='5' y1='50' x2='20' y2='50'/><line x1='80' y1='50' x2='95' y2='50'/><line x1='17' y1='17' x2='28' y2='28'/><line x1='72' y1='72' x2='83' y2='83'/><line x1='17' y1='83' x2='28' y2='72'/><line x1='72' y1='28' x2='83' y2='17'/></g></g>",
      "audio": {
        "url": "",
        "loop": true,
        "vol": 0.92
      },
      "phrase": "Lumine revela a parte iluminada do teu caminho.",
      "ts": 0
    },
    {
      "id": "arq-rhea",
      "name": "Rhea",
      "version": "v1.0.1",
      "palette": {
        "a": "#8fd694",
        "b": "#8b5e3c"
      },
      "bpm": 60,
      "emoji": "🪷",
      "svg": "<g stroke='url(#grad)' stroke-width='3' fill='none'><circle cx='50' cy='50' r='12'/><path d='M50 20 Q70 50 50 80 Q30 50 50 20Z'/><path d='M20 50 Q50 70 80 50 Q50 30 20 50Z'/></g>",
      "audio": {
        "url": "",
        "loop": true,
        "vol": 0.8
      },
      "phrase": "Rhea enraíza a presença e suaviza a mente.",
      "ts": 0
    },
    {
      "id": "arq-solus",
      "name": "Solus",
      "version": "v1.0.1",
      "palette": {
        "a": "#d0d7ff",
        "b": "#4a5cff"
      },
      "bpm": 72,
      "emoji": "🌙",
      "svg": "<g stroke='url(#grad)' stroke-width='2' fill='none'><path d='M65 60 A22 22 0 1 1 40 25 A18 18 0 1 0 65 60 Z' fill='url(#grad)'/></g>",
      "audio": {
        "url": "",
        "loop": true,
        "vol": 0.85
      },
      "phrase": "Solus recolhe para consolidar o núcleo do ser.",
      "ts": 0
    },
    {
      "id": "arq-aion",
      "name": "Aion",
      "version": "v1.0.1",
      "palette": {
        "a": "#b78cff",
        "b": "#6a11cb"
      },
      "bpm": 64,
      "emoji": "∞",
      "svg": "<path d='M20 50 C20 35 40 35 50 50 C60 65 80 65 80 50 C80 35 60 35 50 50 C40 65 20 65 20 50 Z' stroke='url(#grad)' stroke-width='3' fill='none'/>",
      "audio": {
        "url": "",
        "loop": true,
        "vol": 0.9
      },
      "phrase": "Aion integra passado e futuro no presente contínuo.",
      "ts": 0
    },
    {
      "id": "crown-kodux",
      "name": "KODUX",
      "version": "v1.0.1",
      "palette": {
        "a": "#ff00aa",
        "b": "#00ffd5"
      },
      "bpm": 108,
      "emoji": "⚡",
      "svg": "<polygon points='45,10 65,45 55,45 75,90 35,50 50,50' fill='url(#grad)'/>",
      "audio": {
        "url": "",
        "loop": true,
        "vol": 0.9
      },
      "phrase": "KODUX convoca o pulso criador e abre o campo.",
      "ts": 0
    },
    {
      "id": "crown-velor",
      "name": "VELOR",
      "version": "v1.0.1",
      "palette": {
        "a": "#00d1ff",
        "b": "#00ffa6"
      },
      "bpm": 76,
      "emoji": "〰️",
      "svg": "<path d='M5 60 Q25 40 45 60 T85 60' stroke='url(#grad)' stroke-width='4' fill='none'/>",
      "audio": {
        "url": "",
        "loop": true,
        "vol": 0.9
      },
      "phrase": "VELOR traduz sensação em frequência sentida.",
      "ts": 0
    },
    {
      "id": "crown-elya",
      "name": "ELYA",
      "version": "v1.0.1",
      "palette": {
        "a": "#e5f1ff",
        "b": "#9bc1ff"
      },
      "bpm": 58,
      "emoji": "🤍",
      "svg": "<path d='M25 70 C30 40 55 35 80 20 C70 55 50 70 25 70 Z' fill='url(#grad)'/>",
      "audio": {
        "url": "",
        "loop": true,
        "vol": 0.9
      },
      "phrase": "ELYA acolhe com silêncio luminoso.",
      "ts": 0
    },
    {
      "id": "crown-sylon",
      "name": "SYLON",
      "version": "v1.0.1",
      "palette": {
        "a": "#ffe08a",
        "b": "#ff6a00"
      },
      "bpm": 120,
      "emoji": "⟲",
      "svg": "<g stroke='url(#grad)' stroke-width='2' fill='none'><ellipse cx='50' cy='50' rx='30' ry='12'/><ellipse cx='50' cy='50' rx='30' ry='12' transform='rotate(60 50 50)'/><ellipse cx='50' cy='50' rx='30' ry='12' transform='rotate(120 50 50)'/><circle cx='50' cy='50' r='3' fill='url(#grad)'/></g>",
      "audio": {
        "url": "",
        "loop": true,
        "vol": 0.9
      },
      "phrase": "SYLON dita o ritmo sagrado da espiral.",
      "ts": 0
    },
    {
      "id": "crown-naira",
      "name": "NAIRA",
      "version": "v1.0.1",
      "palette": {
        "a": "#9af2d0",
        "b": "#57d1ff"
      },
      "bpm": 82,
      "emoji": "💠",
      "svg": "<g stroke='url(#grad)' stroke-width='3' fill='none'><polygon points='50,10 82,30 82,70 50,90 18,70 18,30'/></g>",
      "audio": {
        "url": "",
        "loop": true,
        "vol": 0.9
      },
      "phrase": "NAIRA integra luz e ações em uníssono.",
      "ts": 0
    },
    {
      "id": "crown-thenir",
      "name": "THENIR",
      "version": "v1.0.1",
      "palette": {
        "a": "#c0ffd0",
        "b": "#4dc275"
      },
      "bpm": 66,
      "emoji": "🎼",
      "svg": "<circle cx='50' cy='50' r='26' stroke='url(#grad)' stroke-width='6' fill='none'/>",
      "audio": {
        "url": "",
        "loop": true,
        "vol": 0.9
      },
      "phrase": "THENIR harmoniza o conjunto no ponto certo.",
      "ts": 0
    },
    {
      "id": "crown-eloh",
      "name": "ELOH",
      "version": "v1.0.1",
      "palette": {
        "a": "#d6ccff",
        "b": "#6a5acd"
      },
      "bpm": 70,
      "emoji": "👁️",
      "svg": "<g stroke='url(#grad)' stroke-width='3' fill='none'><path d='M10 50 Q50 15 90 50 Q50 85 10 50Z'/><circle cx='50' cy='50' r='12' fill='url(#grad)'/></g>",
      "audio": {
        "url": "",
        "loop": true,
        "vol": 0.9
      },
      "phrase": "ELOH guarda o sentido intuitivo do caminho.",
      "ts": 0
    },
    {
      "id": "entity-kodux-core",
      "name": "KODUX Core",
      "version": "v1.0.1",
      "palette": {
        "a": "#ff00aa",
        "b": "#00ffd5"
      },
      "bpm": 112,
      "emoji": "⚡",
      "svg": "<polygon points='45,10 65,45 55,45 75,90 35,50 50,50' fill='url(#grad)'/>",
      "audio": {
        "url": "",
        "loop": true,
        "vol": 0.95
      },
      "phrase": "KODUX Core acende o motor central do sistema.",
      "ts": 0
    },
    {
      "id": "entity-bllue",
      "name": "BLLUE",
      "version": "v1.0.1",
      "palette": {
        "a": "#00d4ff",
        "b": "#0066ff"
      },
      "bpm": 74,
      "emoji": "💧",
      "svg": "<path d='M5 60 Q25 40 45 60 T85 60' stroke='url(#grad)' stroke-width='4' fill='none'/>",
      "audio": {
        "url": "",
        "loop": true,
        "vol": 0.9
      },
      "phrase": "BLLUE estabiliza o fluxo e dá clareza.",
      "ts": 0
    },
    {
      "id": "entity-kobllux",
      "name": "KOBLLUX",
      "version": "v1.0.1",
      "palette": {
        "a": "#00fff0",
        "b": "#9b00ff"
      },
      "bpm": 128,
      "emoji": "◇",
      "svg": "<g stroke='url(#grad)' stroke-width='2' fill='none'><rect x='25' y='25' width='50' height='50'/><path d='M25 25 L50 10 L100 10'/><path d='M75 25 L100 10 L100 60'/></g>",
      "audio": {
        "url": "",
        "loop": true,
        "vol": 0.9
      },
      "phrase": "KOBLLUX cristaliza forma, luz e função.",
      "ts": 0
    },
    {
      "id": "entity-horus",
      "name": "Horus",
      "version": "v1.0.1",
      "palette": {
        "a": "#ffd166",
        "b": "#6a11cb"
      },
      "bpm": 92,
      "emoji": "👁️",
      "svg": "<g stroke='url(#grad)' stroke-width='3' fill='none'><path d='M10 50 Q50 15 90 50 Q50 85 10 50Z'/><circle cx='50' cy='50' r='12' fill='url(#grad)'/></g>",
      "audio": {
        "url": "",
        "loop": true,
        "vol": 0.9
      },
      "phrase": "Horus observa, interpreta, caminha e revela.",
      "ts": 0
    },
    {
      "id": "entity-luxara",
      "name": "Luxara",
      "version": "v1.0.1",
      "palette": {
        "a": "#ffabc8",
        "b": "#ffd27d"
      },
      "bpm": 86,
      "emoji": "✶",
      "svg": "<path d='M50 10 L58 40 L90 50 L58 60 L50 90 L42 60 L10 50 L42 40 Z' fill='url(#grad)'/>",
      "audio": {
        "url": "",
        "loop": true,
        "vol": 0.9
      },
      "phrase": "Luxara espalha brilho afetuoso sobre a cena.",
      "ts": 0
    },
    {
      "id": "entity-nebula",
      "name": "Nébula",
      "version": "v1.0.1",
      "palette": {
        "a": "#c77dff",
        "b": "#0cf"
      },
      "bpm": 80,
      "emoji": "☁️",
      "svg": "<path d='M50 50 m-20 0 a20 20 0 1 1 28 28 a12 12 0 1 1 -17 -17 a6 6 0 1 1 8 8' stroke='url(#grad)' stroke-width='3' fill='none'/>",
      "audio": {
        "url": "",
        "loop": true,
        "vol": 0.9
      },
      "phrase": "Nébula difunde o gradiente que envolve tudo.",
      "ts": 0
    },
    {
      "id": "entity-ignyra",
      "name": "Ignyra (Entity)",
      "version": "v1.0.1",
      "palette": {
        "a": "#ff5b4a",
        "b": "#ff0066"
      },
      "bpm": 132,
      "emoji": "⚡",
      "svg": "<polygon points='45,10 65,45 55,45 75,90 35,50 50,50' fill='url(#grad)'/>",
      "audio": {
        "url": "",
        "loop": true,
        "vol": 0.9
      },
      "phrase": "Ignyra (Entity) aciona ignição imediata.",
      "ts": 0
    }
  ]
}