{
  "id": "crown-sylon",
  "name": "SYLON",
  "version": "v1.0.1",
  "palette": {
    "a": "#ffe08a",
    "b": "#ff6a00"
  },
  "bpm": 120,
  "emoji": "⟲",
  "svg": "<g stroke='url(#grad)' stroke-width='2' fill='none'><ellipse cx='50' cy='50' rx='30' ry='12'/><ellipse cx='50' cy='50' rx='30' ry='12' transform='rotate(60 50 50)'/><ellipse cx='50' cy='50' rx='30' ry='12' transform='rotate(120 50 50)'/><circle cx='50' cy='50' r='3' fill='url(#grad)'/></g>",
  "audio": {
    "url": "",
    "loop": true,
    "vol": 0.9
  },
  "phrase": "SYLON dita o ritmo sagrado da espiral.",
  "ts": 0
}